
-- Hang
INSERT INTO Hang (hang_id, hang_name)
VALUES ('H01', 'Apple'),
       ('H02', 'Samsung'),
       ('H03', 'Google'),
       ('H04', 'Xiaomi'),
       ('H05', 'Oppo'),
       ('H06', 'OnePlus'),
       ('H07', 'Asus'),
       ('H08', 'Sony'),
       ('H09', 'Realme'),
       ('H10', 'Vivo'),
       ('H11', 'Nokia'),
       ('H12', 'Dell'),
       ('H13', 'HP'),
       ('H14', 'Lenovo'),
       ('H15', 'Razer'),
       ('H16', 'LG'),
       ('H17', 'Acer'),
       ('H18', 'Microsoft'),
       ('H19', 'MSI'),
       ('H20', 'Gigabyte'),
       ('H21', 'Amazon'),
       ('H22', 'Huawei'),
       ('H23', 'TCL'),
       ('H24', 'Alldocube'),
       ('H25', 'Garmin'),
       ('H26', 'Amazfit'),
       ('H27', 'Fitbit'),
       ('H28', 'Coros'),
       ('H29', 'Mobvoi'),
       ('H30', 'Suunto'),
       ('H31', 'Bose'),
       ('H32', 'Sennheiser'),
       ('H33', 'Jabra'),
       ('H34', 'Anker'),
       ('H35', 'Beats'),
       ('H36', 'Nothing'),
       ('H37', 'Audio-Technica'),
       ('H38', 'Marshall'),
       ('H39', 'Shure'),
       ('H40', 'B&W'),
       ('H41', 'Edifier'),
       ('H42', '1MORE'),
       ('H43', 'Logitech'),
       ('H44', 'Keychron'),
       ('H45', 'Corsair'),
       ('H46', 'SteelSeries'),
       ('H47', 'Filco'),
       ('H48', 'Leopold'),
       ('H49', 'Akko'),
       ('H50', 'NuPhy'),
       ('H51', 'HyperX'),
       ('H52', 'Ducky'),
       ('H53', 'Glorious'),
       ('H54', 'IQUNIX'),
       ('H55', 'Royal Kludge'),
       ('H56', 'HHKB'),
       ('H57', 'Pulsar'),
       ('H58', 'Lamzu'),
       ('H59', 'Zowie'),
       ('H60', 'Endgame Gear'),
       ('H61', 'Cooler Master'),
       ('H62', 'Roccat'),
       ('H63', 'BenQ'),
       ('H64', 'ViewSonic'),
       ('H65', 'Alienware'),
       ('H66', 'Devialet'),
       ('H67', 'Sonos'),
       ('H68', 'Harman Kardon'),
       ('H69', 'JBL'),
       ('H70', 'Ultimate Ears'),
       ('H71', 'B&O'),
       ('H72', 'Elgato'),
       ('H73', 'Wacom'),
       ('H74', 'Ugreen'),
       ('H75', 'CalDigit'),
       ('H76', 'Blue'),
       ('H77', 'Lian Li'),
       ('H78', 'Noctua'),
       ('H79', 'Western Digital'),
       ('H80', 'G.Skill'),
       ('H81', 'Seagate'),
       ('H82', 'Klipsch'),
       ('H83', 'KEF');

-- LoaiSanPham (10 categories)
INSERT INTO LoaiSanPham (lsp_id, lsp_name)
VALUES ('LSP01', 'Điện thoại'),
       ('LSP02', 'Laptop'),
       ('LSP03', 'Máy tính bảng'),
       ('LSP04', 'Đồng hồ thông minh'),
       ('LSP05', 'Tai nghe'),
       ('LSP06', 'Bàn phím'),
       ('LSP07', 'Chuột'),
       ('LSP08', 'Màn hình'),
       ('LSP09', 'Loa'),
       ('LSP10', 'Phụ kiện khác');

-- SanPham (200 products)
-- Điện thoại (20)
INSERT INTO SanPham (sp_id, sp_name, sp_price, sp_description, sp_image, sp_category_id, sp_stock, sp_brand_id)
VALUES ('SP001', 'iPhone 14 Pro Max', 25000000, 'Điện thoại cao cấp từ Apple', 'SP001.jpg', 'LSP01', 50, 'H01'),
       ('SP002', 'Samsung Galaxy S23 Ultra', 23000000, 'Flagship của Samsung', 'SP002.jpg', 'LSP01', 40, 'H02'),
       ('SP003', 'Google Pixel 7 Pro', 20000000, 'Chụp ảnh đỉnh cao', 'SP003.jpg', 'LSP01', 30, 'H03'),
       ('SP004', 'Xiaomi 13 Pro', 18000000, 'Hiệu năng mạnh mẽ', 'SP004.jpg', 'LSP01', 60, 'H04'),
       ('SP005', 'Oppo Find X6 Pro', 19000000, 'Thiết kế độc đáo', 'SP005.jpg', 'LSP01', 25, 'H05'),
       ('SP006', 'iPhone 13', 17000000, 'Giá tốt, hiệu năng ổn', 'SP006.jpg', 'LSP01', 100, 'H01'),
       ('SP007', 'Samsung Galaxy Z Fold 5', 40000000, 'Điện thoại gập', 'SP007.jpg', 'LSP01', 20, 'H02'),
       ('SP008', 'OnePlus 11', 16000000, 'Sạc siêu nhanh', 'SP008.jpg', 'LSP01', 35, 'H06'),
       ('SP009', 'Asus ROG Phone 7', 22000000, 'Chuyên game', 'SP009.jpg', 'LSP01', 15, 'H07'),
       ('SP010', 'Sony Xperia 1 V', 28000000, 'Màn hình 4K', 'SP010.jpg', 'LSP01', 10, 'H08'),
       ('SP011', 'Realme GT 3', 15000000, 'Giá rẻ, cấu hình cao', 'SP011.jpg', 'LSP01', 50, 'H09'),
       ('SP012', 'Vivo X90 Pro', 21000000, 'Camera Zeiss', 'SP012.jpg', 'LSP01', 20, 'H10'),
       ('SP013', 'Nokia G22', 4000000, 'Dễ dàng sửa chữa', 'SP013.jpg', 'LSP01', 80, 'H11'),
       ('SP014', 'Samsung Galaxy A54', 9000000, 'Tầm trung đáng mua', 'SP014.jpg', 'LSP01', 120, 'H02'),
       ('SP015', 'Xiaomi Redmi Note 12 Pro', 7000000, 'Pin trâu, sạc nhanh', 'SP015.jpg', 'LSP01', 150, 'H04'),
       ('SP016', 'iPhone SE 2022', 10000000, 'Nhỏ gọn, mạnh mẽ', 'SP016.jpg', 'LSP01', 70, 'H01'),
       ('SP017', 'Oppo Reno8 T', 8000000, 'Thiết kế trẻ trung', 'SP017.jpg', 'LSP01', 90, 'H05'),
       ('SP018', 'Google Pixel 6a', 12000000, 'Trải nghiệm Android thuần', 'SP018.jpg', 'LSP01', 40, 'H03'),
       ('SP019', 'Samsung Galaxy S22', 15000000, 'Flagship năm ngoái', 'SP019.jpg', 'LSP01', 60, 'H02'),
       ('SP020', 'Xiaomi 12T', 11000000, 'Hiệu năng tốt trong tầm giá', 'SP020.jpg', 'LSP01', 75, 'H04');

-- Laptop (20)
INSERT INTO SanPham (sp_id, sp_name, sp_price, sp_description, sp_image, sp_category_id, sp_stock, sp_brand_id)
VALUES ('SP021', 'MacBook Pro 16 M2', 60000000, 'Laptop cho dân chuyên nghiệp', 'SP021.jpg', 'LSP02', 30, 'H01'),
       ('SP022', 'Dell XPS 15', 45000000, 'Thiết kế đẹp, màn hình vô cực', 'SP022.jpg', 'LSP02', 40, 'H12'),
       ('SP023', 'HP Spectre x360', 38000000, 'Laptop 2-in-1 cao cấp', 'SP023.jpg', 'LSP02', 25, 'H13'),
       ('SP024', 'Lenovo ThinkPad X1 Carbon', 42000000, 'Bền bỉ, bàn phím tốt', 'SP024.jpg', 'LSP02', 50, 'H14'),
       ('SP025', 'Asus ROG Zephyrus G14', 35000000, 'Laptop gaming nhỏ gọn', 'SP025.jpg', 'LSP02', 35, 'H07'),
       ('SP026', 'MacBook Air M2', 28000000, 'Mỏng nhẹ, pin trâu', 'SP026.jpg', 'LSP02', 80, 'H01'),
       ('SP027', 'Razer Blade 15', 55000000, 'Build quality cao cấp', 'SP027.jpg', 'LSP02', 20, 'H15'),
       ('SP028', 'LG Gram 17', 33000000, 'Siêu nhẹ', 'SP028.jpg', 'LSP02', 45, 'H16'),
       ('SP029', 'Acer Swift 5', 25000000, 'Thiết kế thanh lịch', 'SP029.jpg', 'LSP02', 60, 'H17'),
       ('SP030', 'Microsoft Surface Laptop 5', 30000000, 'Trải nghiệm Windows tốt nhất', 'SP030.jpg', 'LSP02', 30,
        'H18'),
       ('SP031', 'Dell Inspiron 15', 18000000, 'Laptop phổ thông', 'SP031.jpg', 'LSP02', 100, 'H12'),
       ('SP032', 'HP Pavilion Aero 13', 22000000, 'Mỏng nhẹ giá tốt', 'SP032.jpg', 'LSP02', 70, 'H13'),
       ('SP033', 'Lenovo IdeaPad Slim 5', 19000000, 'Cấu hình tốt trong tầm giá', 'SP033.jpg', 'LSP02', 90, 'H14'),
       ('SP034', 'Asus TUF Gaming F15', 26000000, 'Laptop gaming giá rẻ', 'SP034.jpg', 'LSP02', 80, 'H07'),
       ('SP035', 'MSI Katana GF66', 24000000, 'Thiết kế gaming', 'SP035.jpg', 'LSP02', 65, 'H19'),
       ('SP036', 'Gigabyte Aorus 15', 40000000, 'Màn hình tần số quét cao', 'SP036.jpg', 'LSP02', 25, 'H20'),
       ('SP037', 'Acer Nitro 5', 23000000, 'Tản nhiệt tốt', 'SP037.jpg', 'LSP02', 110, 'H17'),
       ('SP038', 'Dell Alienware M15', 65000000, 'Cỗ máy gaming đỉnh cao', 'SP038.jpg', 'LSP02', 15, 'H12'),
       ('SP039', 'HP Omen 16', 39000000, 'Thiết kế tối giản', 'SP039.jpg', 'LSP02', 30, 'H13'),
       ('SP040', 'Lenovo Legion 5', 32000000, 'Hiệu năng/giá thành tốt', 'SP040.jpg', 'LSP02', 90, 'H14');

-- Máy tính bảng (20)
INSERT INTO SanPham (sp_id, sp_name, sp_price, sp_description, sp_image, sp_category_id, sp_stock, sp_brand_id)
VALUES ('SP041', 'iPad Pro M2 12.9', 32000000, 'Máy tính bảng mạnh nhất', 'SP041.jpg', 'LSP03', 40, 'H01'),
       ('SP042', 'Samsung Galaxy Tab S8 Ultra', 26000000, 'Màn hình siêu lớn', 'SP042.jpg', 'LSP03', 30, 'H02'),
       ('SP043', 'iPad Air 5', 16000000, 'Hiệu năng mạnh, giá tốt', 'SP043.jpg', 'LSP03', 70, 'H01'),
       ('SP044', 'Xiaomi Pad 6', 9000000, 'Giải trí đỉnh cao', 'SP044.jpg', 'LSP03', 100, 'H04'),
       ('SP045', 'Lenovo Tab P11 Pro Gen 2', 11000000, 'Màn hình OLED đẹp', 'SP045.jpg', 'LSP03', 50, 'H14'),
       ('SP046', 'Microsoft Surface Pro 9', 28000000, 'Thay thế laptop', 'SP046.jpg', 'LSP03', 25, 'H18'),
       ('SP047', 'iPad Gen 10', 12000000, 'Thiết kế mới', 'SP047.jpg', 'LSP03', 90, 'H01'),
       ('SP048', 'Samsung Galaxy Tab S7 FE', 10000000, 'Bút S Pen đi kèm', 'SP048.jpg', 'LSP03', 80, 'H02'),
       ('SP049', 'Oppo Pad Air', 6000000, 'Mỏng nhẹ, giá rẻ', 'SP049.jpg', 'LSP03', 120, 'H05'),
       ('SP050', 'Nokia T21', 5000000, 'Bền bỉ, pin lâu', 'SP050.jpg', 'LSP03', 60, 'H11'),
       ('SP051', 'Amazon Fire HD 10', 4000000, 'Giá rẻ cho giải trí', 'SP051.jpg', 'LSP03', 150, 'H21'),
       ('SP052', 'Realme Pad', 5500000, 'Màn hình 2K', 'SP052.jpg', 'LSP03', 75, 'H09'),
       ('SP053', 'Huawei MatePad Pro', 15000000, 'Hệ sinh thái Huawei', 'SP053.jpg', 'LSP03', 35, 'H22'),
       ('SP054', 'iPad Mini 6', 14000000, 'Nhỏ gọn, mạnh mẽ', 'SP054.jpg', 'LSP03', 55, 'H01'),
       ('SP055', 'Samsung Galaxy Tab A8', 7000000, 'Giá rẻ, màn hình lớn', 'SP055.jpg', 'LSP03', 110, 'H02'),
       ('SP056', 'Lenovo Yoga Tab 13', 18000000, 'Có cổng micro-HDMI', 'SP056.jpg', 'LSP03', 20, 'H14'),
       ('SP057', 'Xiaomi Redmi Pad', 5000000, 'Màn 90Hz giá rẻ', 'SP057.jpg', 'LSP03', 130, 'H04'),
       ('SP058', 'Surface Go 3', 13000000, 'Nhỏ gọn cho công việc', 'SP058.jpg', 'LSP03', 40, 'H18'),
       ('SP059', 'TCL NxtPaper 11', 7500000, 'Màn hình giả giấy', 'SP059.jpg', 'LSP03', 30, 'H23'),
       ('SP060', 'Alldocube iPlay 50 Pro', 4500000, 'Giá siêu rẻ', 'SP060.jpg', 'LSP03', 100, 'H24');

-- Đồng hồ thông minh (20)
INSERT INTO SanPham (sp_id, sp_name, sp_price, sp_description, sp_image, sp_category_id, sp_stock, sp_brand_id)
VALUES ('SP061', 'Apple Watch Ultra', 22000000, 'Bền bỉ, pin trâu', 'SP061.jpg', 'LSP04', 50, 'H01'),
       ('SP062', 'Samsung Galaxy Watch 5 Pro', 11000000, 'Thiết kế thể thao', 'SP062.jpg', 'LSP04', 60, 'H02'),
       ('SP063', 'Garmin Fenix 7X', 25000000, 'Đỉnh cao cho dân thể thao', 'SP063.jpg', 'LSP04', 30, 'H25'),
       ('SP064', 'Apple Watch Series 8', 12000000, 'Theo dõi sức khỏe toàn diện', 'SP064.jpg', 'LSP04', 100, 'H01'),
       ('SP065', 'Huawei Watch GT 3 Pro', 9000000, 'Thiết kế sang trọng', 'SP065.jpg', 'LSP04', 70, 'H22'),
       ('SP066', 'Amazfit GTR 4', 5000000, 'Giá tốt, nhiều tính năng', 'SP066.jpg', 'LSP04', 120, 'H26'),
       ('SP067', 'Xiaomi Watch S1 Pro', 6000000, 'Thiết kế cổ điển', 'SP067.jpg', 'LSP04', 80, 'H04'),
       ('SP068', 'Google Pixel Watch', 8000000, 'WearOS mượt mà', 'SP068.jpg', 'LSP04', 40, 'H03'),
       ('SP069', 'Fitbit Sense 2', 7000000, 'Theo dõi stress', 'SP069.jpg', 'LSP04', 50, 'H27'),
       ('SP070', 'Coros Apex 2 Pro', 15000000, 'Chuyên cho chạy bộ', 'SP070.jpg', 'LSP04', 25, 'H28'),
       ('SP071', 'Samsung Galaxy Watch 5', 7000000, 'Nhiều phiên bản', 'SP071.jpg', 'LSP04', 150, 'H02'),
       ('SP072', 'Apple Watch SE 2022', 7500000, 'Giá rẻ nhất của Apple', 'SP072.jpg', 'LSP04', 130, 'H01'),
       ('SP073', 'Garmin Forerunner 955', 14000000, 'Hỗ trợ triathlon', 'SP073.jpg', 'LSP04', 35, 'H25'),
       ('SP074', 'Amazfit T-Rex 2', 5500000, 'Siêu bền', 'SP074.jpg', 'LSP04', 90, 'H26'),
       ('SP075', 'Huawei Band 7', 1200000, 'Vòng tay thông minh', 'SP075.jpg', 'LSP04', 200, 'H22'),
       ('SP076', 'Xiaomi Mi Band 8', 1000000, 'Vòng tay quốc dân', 'SP076.jpg', 'LSP04', 300, 'H04'),
       ('SP077', 'Garmin Venu 2 Plus', 10000000, 'Nghe gọi trên đồng hồ', 'SP077.jpg', 'LSP04', 60, 'H25'),
       ('SP078', 'Mobvoi TicWatch Pro 5', 9000000, 'Hai màn hình độc đáo', 'SP078.jpg', 'LSP04', 30, 'H29'),
       ('SP079', 'Suunto 9 Peak Pro', 18000000, 'Thiết kế từ Phần Lan', 'SP079.jpg', 'LSP04', 20, 'H30'),
       ('SP080', 'Oppo Watch 3 Pro', 8500000, 'Chip Snapdragon W5', 'SP080.jpg', 'LSP04', 45, 'H05');

-- Tai nghe (20)
INSERT INTO SanPham (sp_id, sp_name, sp_price, sp_description, sp_image, sp_category_id, sp_stock, sp_brand_id)
VALUES ('SP081', 'AirPods Pro 2', 6000000, 'Chống ồn đỉnh cao', 'SP081.jpg', 'LSP05', 150, 'H01'),
       ('SP082', 'Sony WF-1000XM5', 7000000, 'Chất âm tuyệt vời', 'SP082.jpg', 'LSP05', 100, 'H08'),
       ('SP083', 'Bose QuietComfort Earbuds II', 6500000, 'Chống ồn chủ động tốt nhất', 'SP083.jpg', 'LSP05', 80,
        'H31'),
       ('SP084', 'Samsung Galaxy Buds 2 Pro', 4500000, 'Âm thanh Hi-Fi 24-bit', 'SP084.jpg', 'LSP05', 120, 'H02'),
       ('SP085', 'Sennheiser Momentum True Wireless 3', 7500000, 'Chất âm audiophile', 'SP085.jpg', 'LSP05', 60, 'H32'),
       ('SP086', 'Jabra Elite 7 Pro', 5000000, 'Đàm thoại tốt', 'SP086.jpg', 'LSP05', 90, 'H33'),
       ('SP087', 'Google Pixel Buds Pro', 4800000, 'Tích hợp sâu với hệ sinh thái Google', 'SP087.jpg', 'LSP05', 70,
        'H03'),
       ('SP088', 'Anker Soundcore Liberty 4', 3500000, 'Giá tốt, nhiều tính năng', 'SP088.jpg', 'LSP05', 200, 'H34'),
       ('SP089', 'AirPods 3', 4500000, 'Thiết kế mới, âm thanh không gian', 'SP089.jpg', 'LSP05', 180, 'H01'),
       ('SP090', 'Sony WH-1000XM5', 9000000, 'Tai nghe over-ear chống ồn', 'SP090.jpg', 'LSP05', 90, 'H08'),
       ('SP091', 'Beats Fit Pro', 5200000, 'Thiết kế cho thể thao', 'SP091.jpg', 'LSP05', 110, 'H35'),
       ('SP092', 'Nothing Ear (2)', 2800000, 'Thiết kế trong suốt độc đáo', 'SP092.jpg', 'LSP05', 130, 'H36'),
       ('SP093', 'Xiaomi Buds 4 Pro', 3800000, 'Hỗ trợ LDAC', 'SP093.jpg', 'LSP05', 100, 'H04'),
       ('SP094', 'Huawei FreeBuds Pro 2', 4300000, 'Hợp tác cùng Devialet', 'SP094.jpg', 'LSP05', 80, 'H22'),
       ('SP095', 'Audio-Technica ATH-M50xBT2', 5500000, 'Tai nghe kiểm âm không dây', 'SP095.jpg', 'LSP05', 50, 'H37'),
       ('SP096', 'Marshall Major IV', 3800000, 'Thiết kế hoài cổ, pin 80 giờ', 'SP096.jpg', 'LSP05', 120, 'H38'),
       ('SP097', 'Shure AONIC 50 Gen 2', 10000000, 'Chất lượng phòng thu', 'SP097.jpg', 'LSP05', 30, 'H39'),
       ('SP098', 'Bowers & Wilkins Pi7 S2', 11000000, 'Âm thanh Hi-End', 'SP098.jpg', 'LSP05', 25, 'H40'),
       ('SP099', 'Edifier NeoBuds Pro', 2500000, 'Chứng nhận Hi-Res giá rẻ', 'SP099.jpg', 'LSP05', 150, 'H41'),
       ('SP100', '1MORE EVO', 4000000, 'Âm thanh chi tiết', 'SP100.jpg', 'LSP05', 70, 'H42');

-- Bàn phím (20)
INSERT INTO SanPham (sp_id, sp_name, sp_price, sp_description, sp_image, sp_category_id, sp_stock, sp_brand_id)
VALUES ('SP101', 'Logitech MX Keys S', 2800000, 'Bàn phím văn phòng tốt nhất', 'SP101.jpg', 'LSP06', 100, 'H43'),
       ('SP102', 'Keychron Q1 Pro', 5000000, 'Bàn phím cơ custom', 'SP102.jpg', 'LSP06', 80, 'H44'),
       ('SP103', 'Razer BlackWidow V4 Pro', 5500000, 'Bàn phím cơ gaming', 'SP103.jpg', 'LSP06', 60, 'H15'),
       ('SP104', 'Corsair K100 RGB', 6000000, 'Bàn phím quang-cơ', 'SP104.jpg', 'LSP06', 50, 'H45'),
       ('SP105', 'SteelSeries Apex Pro TKL', 4800000, 'Switch có thể điều chỉnh', 'SP105.jpg', 'LSP06', 70, 'H46'),
       ('SP106', 'Apple Magic Keyboard', 3000000, 'Dành cho hệ sinh thái Apple', 'SP106.jpg', 'LSP06', 90, 'H01'),
       ('SP107', 'Filco Majestouch 2', 3500000, 'Build quality Nhật Bản', 'SP107.jpg', 'LSP06', 40, 'H47'),
       ('SP108', 'Leopold FC900R', 3800000, 'Keycap PBT chất lượng cao', 'SP108.jpg', 'LSP06', 45, 'H48'),
       ('SP109', 'Akko 3087', 1800000, 'Bàn phím cơ giá rẻ', 'SP109.jpg', 'LSP06', 150, 'H49'),
       ('SP110', 'NuPhy Air75', 3200000, 'Bàn phím cơ low-profile', 'SP110.jpg', 'LSP06', 65, 'H50'),
       ('SP111', 'Logitech G913 TKL', 4500000, 'Bàn phím cơ không dây low-profile', 'SP111.jpg', 'LSP06', 75, 'H43'),
       ('SP112', 'Asus ROG Azoth', 6200000, 'Bàn phím cơ custom từ Asus', 'SP112.jpg', 'LSP06', 35, 'H07'),
       ('SP113', 'Microsoft Sculpt Ergonomic', 2000000, 'Bàn phím công thái học', 'SP113.jpg', 'LSP06', 80, 'H18'),
       ('SP114', 'Razer Huntsman Mini', 3000000, 'Bàn phím 60% switch quang', 'SP114.jpg', 'LSP06', 100, 'H15'),
       ('SP115', 'HyperX Alloy Origins Core', 2500000, 'Switch HyperX Red', 'SP115.jpg', 'LSP06', 120, 'H51'),
       ('SP116', 'Ducky One 3', 3300000, 'Cảm giác gõ tốt', 'SP116.jpg', 'LSP06', 60, 'H52'),
       ('SP117', 'Glorious GMMK Pro', 4200000, 'Bàn phím barebone custom', 'SP117.jpg', 'LSP06', 55, 'H53'),
       ('SP118', 'IQUNIX F97', 4800000, 'Thiết kế độc đáo', 'SP118.jpg', 'LSP06', 30, 'H54'),
       ('SP119', 'Royal Kludge RK61', 1200000, 'Bàn phím cơ không dây giá rẻ', 'SP119.jpg', 'LSP06', 200, 'H55'),
       ('SP120', 'HHKB Professional Hybrid', 7000000, 'Switch Topre', 'SP120.jpg', 'LSP06', 20, 'H56');

-- Chuột (20)
INSERT INTO SanPham (sp_id, sp_name, sp_price, sp_description, sp_image, sp_category_id, sp_stock, sp_brand_id)
VALUES ('SP121', 'Logitech MX Master 3S', 2600000, 'Chuột văn phòng tốt nhất', 'SP121.jpg', 'LSP07', 120, 'H43'),
       ('SP122', 'Razer DeathAdder V3 Pro', 3500000, 'Chuột gaming công thái học', 'SP122.jpg', 'LSP07', 80, 'H15'),
       ('SP123', 'Logitech G Pro X Superlight', 3200000, 'Chuột gaming siêu nhẹ', 'SP123.jpg', 'LSP07', 100, 'H43'),
       ('SP124', 'SteelSeries Aerox 5 Wireless', 3000000, 'Chuột gaming lỗ siêu nhẹ', 'SP124.jpg', 'LSP07', 70, 'H46'),
       ('SP125', 'Razer Viper V2 Pro', 3400000, 'Chuột đối xứng siêu nhẹ', 'SP125.jpg', 'LSP07', 75, 'H15'),
       ('SP126', 'Apple Magic Mouse', 2200000, 'Thiết kế tối giản', 'SP126.jpg', 'LSP07', 90, 'H01'),
       ('SP127', 'Pulsar X2', 2400000, 'Chuột gaming được ưa chuộng', 'SP127.jpg', 'LSP07', 60, 'H57'),
       ('SP128', 'Lamzu Atlantis', 2500000, 'Chuột gaming đối xứng', 'SP128.jpg', 'LSP07', 55, 'H58'),
       ('SP129', 'Corsair Dark Core RGB Pro', 2800000, 'Nhiều tính năng', 'SP129.jpg', 'LSP07', 50, 'H45'),
       ('SP130', 'Asus ROG Gladius III Wireless', 3100000, 'Hotswap switch', 'SP130.jpg', 'LSP07', 45, 'H07'),
       ('SP131', 'Logitech MX Anywhere 3S', 2000000, 'Chuột di động', 'SP131.jpg', 'LSP07', 110, 'H43'),
       ('SP132', 'Microsoft Sculpt Ergonomic Mouse', 1500000, 'Chuột công thái học', 'SP132.jpg', 'LSP07', 80, 'H18'),
       ('SP133', 'Razer Basilisk V3 Pro', 4000000, 'Cuộn vô cực, sạc không dây', 'SP133.jpg', 'LSP07', 65, 'H15'),
       ('SP134', 'HyperX Pulsefire Haste', 1200000, 'Chuột lỗ giá rẻ', 'SP134.jpg', 'LSP07', 150, 'H51'),
       ('SP135', 'Glorious Model O Wireless', 2200000, 'Chuột lỗ không dây', 'SP135.jpg', 'LSP07', 90, 'H53'),
       ('SP136', 'Zowie EC2-C', 1800000, 'Chuột cho game thủ CS:GO', 'SP136.jpg', 'LSP07', 70, 'H59'),
       ('SP137', 'Endgame Gear XM1r', 1600000, 'Form chuột claw grip', 'SP137.jpg', 'LSP07', 80, 'H60'),
       ('SP138', 'Cooler Master MM712', 1900000, 'Nhẹ, không lỗ', 'SP138.jpg', 'LSP07', 60, 'H61'),
       ('SP139', 'Logitech G502 X Plus', 3600000, 'Phiên bản mới của G502', 'SP139.jpg', 'LSP07', 85, 'H43'),
       ('SP140', 'Roccat Kone Pro Air', 2700000, 'Thiết kế công thái học độc đáo', 'SP140.jpg', 'LSP07', 40, 'H62');

-- Màn hình (20)
INSERT INTO SanPham (sp_id, sp_name, sp_price, sp_description, sp_image, sp_category_id, sp_stock, sp_brand_id)
VALUES ('SP141', 'Dell UltraSharp U2723QE', 15000000, 'Màn hình 4K cho đồ họa', 'SP141.jpg', 'LSP08', 50, 'H12'),
       ('SP142', 'LG UltraGear 27GP950-B', 20000000, 'Màn hình gaming 4K 144Hz', 'SP142.jpg', 'LSP08', 30, 'H16'),
       ('SP143', 'Samsung Odyssey Neo G9', 45000000, 'Màn hình siêu cong 49 inch', 'SP143.jpg', 'LSP08', 15, 'H02'),
       ('SP144', 'Apple Studio Display', 40000000, 'Màn hình 5K cho Mac', 'SP144.jpg', 'LSP08', 20, 'H01'),
       ('SP145', 'Asus ProArt PA279CV', 13000000, 'Màn hình đồ họa giá tốt', 'SP145.jpg', 'LSP08', 40, 'H07'),
       ('SP146', 'Gigabyte M28U', 16000000, 'Màn hình gaming 4K có KVM', 'SP146.jpg', 'LSP08', 35, 'H20'),
       ('SP147', 'BenQ MOBIUZ EX2710Q', 10000000, 'Màn hình gaming 2K 165Hz', 'SP147.jpg', 'LSP08', 60, 'H63'),
       ('SP148', 'ViewSonic VX2758-2KP-MHD', 7000000, 'Màn hình 2K giá rẻ', 'SP148.jpg', 'LSP08', 100, 'H64'),
       ('SP149', 'Xiaomi Mi Curved Gaming Monitor 34', 9000000, 'Màn hình ultrawide giá tốt', 'SP149.jpg', 'LSP08', 80,
        'H04'),
       ('SP150', 'LG 27UP850N-W', 11000000, 'Màn hình 4K, có USB-C', 'SP150.jpg', 'LSP08', 70, 'H16'),
       ('SP151', 'Dell S2721DGF', 9500000, 'Màn gaming 2K Dell', 'SP151.jpg', 'LSP08', 80, 'H12'),
       ('SP152', 'Alienware AW3423DWF', 30000000, 'Màn hình QD-OLED', 'SP152.jpg', 'LSP08', 25, 'H65'),
       ('SP153', 'HP Omen 27c', 12000000, 'Màn hình gaming cong', 'SP153.jpg', 'LSP08', 45, 'H13'),
       ('SP154', 'Acer Predator XB273U', 14000000, 'Màn hình gaming 2K', 'SP154.jpg', 'LSP08', 50, 'H17'),
       ('SP155', 'MSI Optix MAG274QRF-QD', 12500000, 'Màu sắc chấm lượng tử', 'SP155.jpg', 'LSP08', 55, 'H19'),
       ('SP156', 'Samsung Odyssey G7', 17000000, 'Màn hình cong 1000R', 'SP156.jpg', 'LSP08', 40, 'H02'),
       ('SP157', 'LG DualUp 28MQ780-B', 18000000, 'Màn hình tỷ lệ 16:18 độc đáo', 'SP157.jpg', 'LSP08', 20, 'H16'),
       ('SP158', 'Lenovo Legion Y27q-20', 11500000, 'Màn hình gaming Lenovo', 'SP158.jpg', 'LSP08', 60, 'H14'),
       ('SP159', 'Corsair Xeneon 32UHD144', 22000000, 'Màn hình gaming 4K Corsair', 'SP159.jpg', 'LSP08', 25, 'H45'),
       ('SP160', 'Razer Raptor 27', 19000000, 'Thiết kế đậm chất Razer', 'SP160.jpg', 'LSP08', 30, 'H15');

-- Loa (20)
INSERT INTO SanPham (sp_id, sp_name, sp_price, sp_description, sp_image, sp_category_id, sp_stock, sp_brand_id)
VALUES ('SP161', 'Devialet Phantom I', 60000000, 'Loa không dây hi-end', 'SP161.jpg', 'LSP09', 10, 'H66'),
       ('SP162', 'Bowers & Wilkins Zeppelin', 20000000, 'Thiết kế biểu tượng, âm thanh hay', 'SP162.jpg', 'LSP09', 20,
        'H40'),
       ('SP163', 'Sonos Five', 15000000, 'Loa không dây đa phòng', 'SP163.jpg', 'LSP09', 40, 'H67'),
       ('SP164', 'Harman Kardon Aura Studio 3', 7000000, 'Thiết kế trong suốt, âm thanh 360 độ', 'SP164.jpg', 'LSP09',
        80, 'H68'),
       ('SP165', 'Marshall Stanmore III', 10000000, 'Loa bluetooth hoài cổ', 'SP165.jpg', 'LSP09', 60, 'H38'),
       ('SP166', 'JBL Boombox 3', 12000000, 'Loa di động công suất lớn', 'SP166.jpg', 'LSP09', 50, 'H69'),
       ('SP167', 'Apple HomePod Gen 2', 8000000, 'Loa thông minh cho hệ sinh thái Apple', 'SP167.jpg', 'LSP09', 70,
        'H01'),
       ('SP168', 'Google Nest Audio', 3000000, 'Loa thông minh Google Assistant', 'SP168.jpg', 'LSP09', 100, 'H03'),
       ('SP169', 'Amazon Echo Studio', 5500000, 'Loa thông minh hỗ trợ Dolby Atmos', 'SP169.jpg', 'LSP09', 60, 'H21'),
       ('SP170', 'Edifier S2000MKIII', 8500000, 'Loa bookshelf active', 'SP170.jpg', 'LSP09', 30, 'H41'),
       ('SP171', 'Klipsch The Fives', 22000000, 'Loa bookshelf active có HDMI-ARC', 'SP171.jpg', 'LSP09', 25, 'H82'),
       ('SP172', 'KEF LS50 Wireless II', 70000000, 'Loa bookshelf hi-end không dây', 'SP172.jpg', 'LSP09', 15, 'H83'),
       ('SP173', 'Audioengine A2+', 7000000, 'Loa để bàn nhỏ gọn, chất âm tốt', 'SP173.jpg', 'LSP09', 90, 'H37'),
       ('SP174', 'Razer Nommo Chroma', 4000000, 'Loa gaming có RGB', 'SP174.jpg', 'LSP09', 70, 'H15'),
       ('SP175', 'Logitech G560', 5000000, 'Loa gaming có Lightsync', 'SP175.jpg', 'LSP09', 80, 'H43'),
       ('SP176', 'Sony SRS-XG500', 9000000, 'Loa di động tiệc tùng', 'SP176.jpg', 'LSP09', 45, 'H08'),
       ('SP177', 'Bose SoundLink Revolve+', 8000000, 'Loa di động 360 độ', 'SP177.jpg', 'LSP09', 65, 'H31'),
       ('SP178', 'Anker Soundcore Motion+', 2500000, 'Loa di động giá rẻ, chất âm tốt', 'SP178.jpg', 'LSP09', 150,
        'H34'),
       ('SP179', 'Ultimate Ears Wonderboom 3', 2800000, 'Loa di động siêu bền, chống nước', 'SP179.jpg', 'LSP09', 120,
        'H70'),
       ('SP180', 'Bang & Olufsen Beosound A1 2nd Gen', 8000000, 'Loa di động cao cấp', 'SP180.jpg', 'LSP09', 50, 'H71');

-- Phụ kiện khác (20)
INSERT INTO SanPham (sp_id, sp_name, sp_price, sp_description, sp_image, sp_category_id, sp_stock, sp_brand_id)
VALUES ('SP181', 'Anker 737 Power Bank', 3500000, 'Sạc dự phòng 140W', 'SP181.jpg', 'LSP10', 100, 'H34'),
       ('SP182', 'Logitech C922 Pro Stream Webcam', 2500000, 'Webcam cho streamer', 'SP182.jpg', 'LSP10', 80, 'H43'),
       ('SP183', 'Elgato Stream Deck MK.2', 4000000, 'Bàn điều khiển cho streamer', 'SP183.jpg', 'LSP10', 60, 'H72'),
       ('SP184', 'Wacom Intuos Pro', 9000000, 'Bảng vẽ đồ họa chuyên nghiệp', 'SP184.jpg', 'LSP10', 40, 'H73'),
       ('SP185', 'Apple Pencil 2', 3500000, 'Bút cảm ứng cho iPad', 'SP185.jpg', 'LSP10', 120, 'H01'),
       ('SP186', 'Samsung SmartTag+', 800000, 'Thiết bị định vị thông minh', 'SP186.jpg', 'LSP10', 200, 'H02'),
       ('SP187', 'Apple AirTag', 750000, 'Thiết bị định vị thông minh', 'SP187.jpg', 'LSP10', 300, 'H01'),
       ('SP188', 'Razer Mouse Bungee V3 Chroma', 1000000, 'Giữ dây chuột', 'SP188.jpg', 'LSP10', 90, 'H15'),
       ('SP189', 'Logitech MX Palm Rest', 500000, 'Kê tay bàn phím', 'SP189.jpg', 'LSP10', 150, 'H43'),
       ('SP190', 'Ugreen 100W GaN Charger', 1200000, 'Củ sạc nhanh nhiều cổng', 'SP190.jpg', 'LSP10', 250, 'H74'),
       ('SP191', 'CalDigit TS4 Thunderbolt 4 Dock', 10000000, 'Hub chuyển đổi cao cấp', 'SP191.jpg', 'LSP10', 30,
        'H75'),
       ('SP192', 'Blue Yeti USB Microphone', 3200000, 'Microphone USB phổ biến', 'SP192.jpg', 'LSP10', 100, 'H76'),
       ('SP193', 'Shure MV7', 6500000, 'Microphone cho podcast', 'SP193.jpg', 'LSP10', 50, 'H39'),
       ('SP194', 'Lian Li Strimer Plus V2', 1800000, 'Dây nguồn RGB', 'SP194.jpg', 'LSP10', 70, 'H77'),
       ('SP195', 'Noctua NH-D15', 2500000, 'Tản nhiệt khí hiệu năng cao', 'SP195.jpg', 'LSP10', 60, 'H78'),
       ('SP196', 'Corsair iCUE H150i Elite Capellix', 4500000, 'Tản nhiệt nước AIO', 'SP196.jpg', 'LSP10', 55, 'H45'),
       ('SP197', 'WD Black SN850X 2TB', 5000000, 'SSD NVMe Gen4 tốc độ cao', 'SP197.jpg', 'LSP10', 80, 'H79'),
       ('SP198', 'Samsung 980 Pro 1TB', 3000000, 'SSD NVMe Gen4', 'SP198.jpg', 'LSP10', 110, 'H02'),
       ('SP199', 'G.Skill Trident Z5 RGB 32GB', 4000000, 'RAM DDR5 bus cao', 'SP199.jpg', 'LSP10', 75, 'H80'),
       ('SP200', 'Seagate BarraCuda 4TB', 2200000, 'Ổ cứng HDD lưu trữ', 'SP200.jpg', 'LSP10', 130, 'H81');

-- KhachHang (5 customers)
INSERT INTO KhachHang (kh_id, kh_name, kh_password, kh_phone, kh_mail)
VALUES ('KH001', 'Nguyễn Văn A', 'password123', '0912345678', 'nguyenvana@email.com'),
       ('KH002', 'Trần Thị B', 'password123', '0987654321', 'tranthib@email.com'),
       ('KH003', 'Lê Văn C', 'password123', '0905123456', 'levanc@email.com'),
       ('KH004', 'Phạm Thị D', 'password123', '0333444555', 'phamthid@email.com'),
       ('KH005', 'Hoàng Văn E', 'password123', '0777888999', 'hoangvane@email.com');

-- NhanVien (1 employee)
INSERT INTO NhanVien (nv_id, nv_name, nv_password, nv_phone, nv_mail, nv_address, nv_role, nv_birth)
VALUES ('NV001', 'Admin', 'adminpass', '0123456789', 'admin@polyubs.com', '123 FPT Polytechnic', 0, '1990-01-01');
